7,最後の真理,世界を理解する上で最も重要な問題に迫る一冊。,ジョン・スミス,ABC出版,znFHE4b7wHH1Dy5YYG5CbmqPYPhiWl07LBvNt8Hp.png
3,夢の架け橋,現代社会におけるテクノロジーの役割と可能性を探る,サラ・オオタ,DEF社,Gi5Vm5ftnt7GCj2YvfLMfevJ7ADxGSZDTPSB4Arh.png
9,大航海時代の冒険,歴史に残る偉大な探検家たちの壮大な物語,マリオ・ルイジ,GHI出版,8iYpI1rgITnhmaYcnLNEd812CLYtBHgt9G7lfCAv.png
5,感情の遺伝子,人間の感情形成に関する最新の遺伝学的研究,エミリー・チャン,JKL社,UcS9KyzISK8dhTMSsbf1G5EgpaKIGN9TAZLRE0FM.png
2,宇宙開発の未来,これからの宇宙開発の可能性と課題について,リチャード・リー,MNO出版,mWj9BnYoVQgdw1tG5Dw0eUiqPkJvQVdydd6ApO4x.png
8,シークレットガーデン,見つけ出す喜びと自然との調和について綴った物語,エリザベス・ハート,PQR社,yi2Um3hCxw2qi9MhnJLRzOeDKLKb3pZLN21xT1MF.png
1,音楽の力,音楽の持つ心理的・生理的効果を科学的に解説,ダビデ・フェラーリ,STU出版,fNkb8lkVHP5zX7qVkBbuF1zQwGJ34jsfg77mmzxF.png
6,人生の設計図,人生における目標設定と実現プロセスについて,リサ・キム,VWX社,MggEVxYxkEv0SZECZ4kprNQd1tcsI6AYxDIzFBFJ.png
4,美食探検記,世界各地の美食文化を紹介するグルメ紀行,ジャック・デュポン,YZA出版,n2SF6Bx79l1nSwDNuEsTsD0lzD55tWQR3qnnoYkY.png
0,デジタル時代の哲学,テクノロジーが人間に与える影響を哲学的に考察,ソフィー・ルノワール,BCD社,SkmC2mcDUWhZCmtMPFMKbIq6c6gfNvuYTOa2Fr3M.png
2,惑星探査の新時代,最新の惑星探査ミッションの成果と展望を解説,アレックス・ボウマン,EFG出版,mWj9BnYoVQgdw1tG5Dw0eUiqPkJvQVdydd6ApO4x.png
6,心の記憶術,記憶力を劇的に高める技術を紹介,サラ・ミヤモト,HIJ社,MggEVxYxkEv0SZECZ4kprNQd1tcsI6AYxDIzFBFJ.png
8,癒しの庭園,ガーデニングの心理的効果と実践方法を提案,エリザベス・グリーン,KLM出版,yi2Um3hCxw2qi9MhnJLRzOeDKLKb3pZLN21xT1MF.png
1,音楽の数理,音楽理論の数学的背景を深く探る,ダビデ・ロッシ,NOP社,fNkb8lkVHP5zX7qVkBbuF1zQwGJ34jsfg77mmzxF.png
5,感情の心理学,感情の発生メカニズムと制御方法を解説,アンドレア・フェルナンデス,QRS出版,UcS9KyzISK8dhTMSsbf1G5EgpaKIGN9TAZLRE0FM.png
3,テクノロジーの倫理,テクノロジー発展に伴う倫理的課題を考察,ジェームズ・スミス,TUV社,Gi5Vm5ftnt7GCj2YvfLMfevJ7ADxGSZDTPSB4Arh.png
9,探検家の軌跡,歴史に名高い偉大な探検家たちの生涯を辿る,マルコ・ロペス,XYZ出版,8iYpI1rgITnhmaYcnLNEd812CLYtBHgt9G7lfCAv.png
7,生命の起源,生命の進化過程と誕生の謎に迫る,ジョン・ワトソン,ABC社,znFHE4b7wHH1Dy5YYG5CbmqPYPhiWl07LBvNt8Hp.png
0,哲学入門,基本的な哲学概念と思想家を紹介,エミリー・ロビンソン,DEF出版,SkmC2mcDUWhZCmtMPFMKbIq6c6gfNvuYTOa2Fr3M.png
4,世界の料理文化,様々な国の伝統的な料理を特徴づけるもの,アントワネット・デュボワ,GHI社,n2SF6Bx79l1nSwDNuEsTsD0lzD55tWQR3qnnoYkY.png
1,音楽の心理,音楽が心に及ぼす影響とその効果を解説,ダビデ・ロッシ,IJK出版,fNkb8lkVHP5zX7qVkBbuF1zQwGJ34jsfg77mmzxF.png
6,人生の設計図2,人生設計をさらに深化させる実践的アプローチ,リサ・キム,LMN社,MggEVxYxkEv0SZECZ4kprNQd1tcsI6AYxDIzFBFJ.png
8,癒しの庭園2,ガーデニングが心身に与える恵みについて,エリザベス・グリーン,OPQ出版,yi2Um3hCxw2qi9MhnJLRzOeDKLKb3pZLN21xT1MF.png
2,宇宙開発の未来2,次世代の宇宙開発構想と課題について,リチャード・リー,RST社,mWj9BnYoVQgdw1tG5Dw0eUiqPkJvQVdydd6ApO4x.png
5,脳の可塑性,脳の可塑性と学習能力の関係を明らかにする,アンドレア・フェルナンデス,UVW出版,UcS9KyzISK8dhTMSsbf1G5EgpaKIGN9TAZLRE0FM.png
9,偉大なる探検家たち,歴史を変えた探検家の驚くべき活躍を描く,マルコ・ロペス,XYZ社,8iYpI1rgITnhmaYcnLNEd812CLYtBHgt9G7lfCAv.png
0,哲学入門2,欧米の主要な哲学思想を体系的に解説,エミリー・ロビンソン,ABC出版,SkmC2mcDUWhZCmtMPFMKbIq6c6gfNvuYTOa2Fr3M.png
4,世界の料理文化2,様々な国の伝統料理の調理法と文化的背景,アントワネット・デュボワ,DEF社,n2SF6Bx79l1nSwDNuEsTsD0lzD55tWQR3qnnoYkY.png
7,生命の起源2,生命誕生の過程に迫る最新の研究成果,ジョン・ワトソン,GHI出版,znFHE4b7wHH1Dy5YYG5CbmqPYPhiWl07LBvNt8Hp.png
3,テクノロジーの倫理2,テクノロジーが引き起こす新たな倫理問題,ジェームズ・スミス,JKL社,Gi5Vm5ftnt7GCj2YvfLMfevJ7ADxGSZDTPSB4Arh.png
5,脳の科学,脳の仕組みと機能を科学的に解き明かす,アンドレア・ガルシア,MNO出版,UcS9KyzISK8dhTMSsbf1G5EgpaKIGN9TAZLRE0FM.png
0,哲学で考える,日常生活に活かせる実践的な哲学思考,ソフィー・ルノワール,PQR社,SkmC2mcDUWhZCmtMPFMKbIq6c6gfNvuYTOa2Fr3M.png
6,人生のリセット,ストレス解消と自己実現の方法論を提案,リサ・キム,STU社,MggEVxYxkEv0SZECZ4kprNQd1tcsI6AYxDIzFBFJ.png
4,旅する料理人,世界各地の郷土料理を体験する旅を綴る,アントワネット・デュボワ,VWX出版,n2SF6Bx79l1nSwDNuEsTsD0lzD55tWQR3qnnoYkY.png
9,大航海時代の栄光,探検時代の偉業と挫折を描いた歴史ドラマ,マリオ・ルイジ,YZA社,8iYpI1rgITnhmaYcnLNEd812CLYtBHgt9G7lfCAv.png
8,ガーデンセラピー,園芸療法の効果と実践方法を解説,エリザベス・グリーン,BCD出版,yi2Um3hCxw2qi9MhnJLRzOeDKLKb3pZLN21xT1MF.png
2,未知への挑戦,宇宙開発の最前線と人類の未来を探る,リチャード・リー,EFG社,mWj9BnYoVQgdw1tG5Dw0eUiqPkJvQVdydd6ApO4x.png
1,音楽と脳,音楽知覚のメカニズムと脳への影響を解明,ダビデ・ロッシ,HIJ出版,fNkb8lkVHP5zX7qVkBbuF1zQwGJ34jsfg77mmzxF.png
7,生命の神秘,生命の誕生や進化に隠された謎に迫る,ジョン・ワトソン,KLM社,znFHE4b7wHH1Dy5YYG5CbmqPYPhiWl07LBvNt8Hp.png
3,ロボット倫理,人工知能の発展に伴う倫理的問題を考察,ジェームズ・スミス,NOP出版,Gi5Vm5ftnt7GCj2YvfLMfevJ7ADxGSZDTPSB4Arh.png
6,人生の手引き,充実した人生を送るためのアドバイスを提供,リサ・キム,QRS出版,MggEVxYxkEv0SZECZ4kprNQd1tcsI6AYxDIzFBFJ.png
0,哲学で読み解く,日常のさまざまな出来事を哲学的に探求する,エミリー・ロビンソン,TUV社,SkmC2mcDUWhZCmtMPFMKbIq6c6gfNvuYTOa2Fr3M.png
9,探検の軌跡,過去から現在に至る偉大な探検家たちの足跡,マルコ・ロペス,XYZ出版,8iYpI1rgITnhmaYcnLNEd812CLYtBHgt9G7lfCAv.png
3,AI倫理と人間,AIの発展が人間社会に及ぼす影響を考察する,ジェームズ・スミス,ABC社,Gi5Vm5ftnt7GCj2YvfLMfevJ7ADxGSZDTPSB4Arh.png
8,癒しのガーデン,園芸療法によるストレス解消効果を実証する,エリザベス・グリーン,DEF出版,yi2Um3hCxw2qi9MhnJLRzOeDKLKb3pZLN21xT1MF.png
2,宇宙への招待,宇宙開発の最新動向と一般市民のための参加方法,リチャード・リー,GHI社,mWj9BnYoVQgdw1tG5Dw0eUiqPkJvQVdydd6ApO4x.png
1,音楽の魔力,音楽の心理的・生理的効果について詳説する,ダビデ・ロッシ,IJK出版,fNkb8lkVHP5zX7qVkBbuF1zQwGJ34jsfg77mmzxF.png
5,脳の可塑性と学習,脳の柔軟な適応能力と効果的な学習手法,アンドレア・ガルシア,LMN出版,UcS9KyzISK8dhTMSsbf1G5EgpaKIGN9TAZLRE0FM.png
7,生命の起源と未来,生命の歴史的な進化と未来の可能性を探る,ジョン・ワトソン,OPQ社,znFHE4b7wHH1Dy5YYG5CbmqPYPhiWl07LBvNt8Hp.png
4,世界料理の旅,各国の伝統料理を体験しながら文化背景を学ぶ,アントワネット・デュボワ,RST出版,n2SF6Bx79l1nSwDNuEsTsD0lzD55tWQR3qnnoYkY.png
1,音楽療法,音楽が心身に及ぼす影響を科学的に検証する,ダビデ・ロッシ,UVW出版,fNkb8lkVHP5zX7qVkBbuF1zQwGJ34jsfg77mmzxF.png
5,脳と行動,脳の機能的特性が人間の行動に及ぼす影響,アンドレア・ガルシア,XYZ社,UcS9KyzISK8dhTMSsbf1G5EgpaKIGN9TAZLRE0FM.png
2,宇宙への旅立ち,一般市民も参加できる宇宙開発への道を紹介,リチャード・リー,ABC出版,mWj9BnYoVQgdw1tG5Dw0eUiqPkJvQVdydd6ApO4x.png
0,人生を哲学する,人生の意味や価値観を哲学的に探求する,エミリー・ロビンソン,DEF社,SkmC2mcDUWhZCmtMPFMKbIq6c6gfNvuYTOa2Fr3M.png
9,大探検家たちの軌跡,歴史に残る偉大な探検家の足跡を綴る,マルコ・ロペス,GHI出版,8iYpI1rgITnhmaYcnLNEd812CLYtBHgt9G7lfCAv.png
7,生命の神秘と科学,生命の起源と進化をめぐる最新の科学研究,ジョン・ワトソン,JKL社,znFHE4b7wHH1Dy5YYG5CbmqPYPhiWl07LBvNt8Hp.png
8,癒しのガーデニング,園芸療法の実践プログラムと効果を解説,エリザベス・グリーン,MNO出版,yi2Um3hCxw2qi9MhnJLRzOeDKLKb3pZLN21xT1MF.png
4,世界料理の饗宴,各国の伝統料理を味わい尽くす究極のグルメ旅,アントワネット・デュボワ,PQR社,n2SF6Bx79l1nSwDNuEsTsD0lzD55tWQR3qnnoYkY.png
3,倫理とAI,人工知能の発展に伴う新たな倫理的課題を考察,ジェームズ・スミス,STU出版,Gi5Vm5ftnt7GCj2YvfLMfevJ7ADxGSZDTPSB4Arh.png
6,人生の手引き2,成功と幸福のための実践的な人生ガイド,リサ・キム,VWX社,MggEVxYxkEv0SZECZ4kprNQd1tcsI6AYxDIzFBFJ.png
7,生命の奇跡,地球上の生命の多様性と進化の不思議を探る,ジョン・ワトソン,YZA出版,znFHE4b7wHH1Dy5YYG5CbmqPYPhiWl07LBvNt8Hp.png
2,宇宙開発の最前線,最新の宇宙開発計画と技術革新を紹介,リチャード・リー,BCD社,mWj9BnYoVQgdw1tG5Dw0eUiqPkJvQVdydd6ApO4x.png
1,音楽の力と響き,音楽が心身に与える影響とその作用メカニズム,ダビデ・ロッシ,EFG出版,fNkb8lkVHP5zX7qVkBbuF1zQwGJ34jsfg77mmzxF.png
8,ガーデニングの魅力,園芸療法の実践と庭園デザインのテクニック,エリザベス・グリーン,HIJ社,yi2Um3hCxw2qi9MhnJLRzOeDKLKb3pZLN21xT1MF.png
0,哲学的思考への誘い,日常の問題を哲学的に解決するアプローチ,エミリー・ロビンソン,KLM出版,SkmC2mcDUWhZCmtMPFMKbIq6c6gfNvuYTOa2Fr3M.png
5,脳の可塑性と学習2,脳科学の最新知見を踏まえた効果的な学習法,アンドレア・ガルシア,NOP社,UcS9KyzISK8dhTMSsbf1G5EgpaKIGN9TAZLRE0FM.png
9,偉大な探検家たち,歴史を変えた探検家の驚くべき業績を詳述,マルコ・ロペス,QRS出版,8iYpI1rgITnhmaYcnLNEd812CLYtBHgt9G7lfCAv.png
4,グローバルグルメ,世界の料理文化を総合的に理解するガイド,アントワネット・デュボワ,TUV社,n2SF6Bx79l1nSwDNuEsTsD0lzD55tWQR3qnnoYkY.png
6,人生のリセット2,自己実現と心の健康を取り戻すための新提案,リサ・キム,XYZ出版,MggEVxYxkEv0SZECZ4kprNQd1tcsI6AYxDIzFBFJ.png
3,AIと人間社会,人工知能の発展が人間に及ぼす影響を考える,ジェームズ・スミス,ABC社,Gi5Vm5ftnt7GCj2YvfLMfevJ7ADxGSZDTPSB4Arh.png
4,世界料理巡り,旅する中で出会った郷土料理の魅力を伝える,アントワネット・デュボワ,DEF出版,n2SF6Bx79l1nSwDNuEsTsD0lzD55tWQR3qnnoYkY.png
1,音楽の心理学,音楽が人間の感情や行動に及ぼす影響を解明,ダビデ・ロッシ,GHI社,fNkb8lkVHP5zX7qVkBbuF1zQwGJ34jsfg77mmzxF.png
9,探検のすべて,歴史に名を残す偉大な探検家たちの生涯と業績,マルコ・ロペス,JKL出版,8iYpI1rgITnhmaYcnLNEd812CLYtBHgt9G7lfCAv.png
0,人生と哲学,人生の意味や価値観をより深く理解するための哲学,エミリー・ロビンソン,MNO社,SkmC2mcDUWhZCmtMPFMKbIq6c6gfNvuYTOa2Fr3M.png
5,脳の可塑性と創造性,脳の可塑性が創造性の発揮に及ぼす影響を解説,アンドレア・ガルシア,PQR出版,UcS9KyzISK8dhTMSsbf1G5EgpaKIGN9TAZLRE0FM.png
2,宇宙への扉,次世代の宇宙開発計画と一般市民の参加方法,リチャード・リー,STU社,mWj9BnYoVQgdw1tG5Dw0eUiqPkJvQVdydd6ApO4x.png
8,ガーデンセラピーの実践,園芸療法の具体的なプログラムと実施方法,エリザベス・グリーン,VWX出版,yi2Um3hCxw2qi9MhnJLRzOeDKLKb3pZLN21xT1MF.png
7,生命の神秘と未来,生命の起源と展望を科学的に探究する,ジョン・ワトソン,YZA社,znFHE4b7wHH1Dy5YYG5CbmqPYPhiWl07LBvNt8Hp.png
3,人工知能と倫理,AIの発展に伴う新たな倫理的課題を考察,ジェームズ・スミス,BCD出版,Gi5Vm5ftnt7GCj2YvfLMfevJ7ADxGSZDTPSB4Arh.png
6,人生デザイン実践,自己実現のための具体的なライフプランニング,リサ・キム,EFG社,MggEVxYxkEv0SZECZ4kprNQd1tcsI6AYxDIzFBFJ.png
5,脳の可塑性と創造性2,創造性を最大限に引き出す脳の仕組みを解説,アンドレア・ガルシア,HIJ出版,UcS9KyzISK8dhTMSsbf1G5EgpaKIGN9TAZLRE0FM.png
9,探検家の伝記,歴史に名を残す偉大な探検家たちの生涯を詳述,マルコ・ロペス,KLM社,8iYpI1rgITnhmaYcnLNEd812CLYtBHgt9G7lfCAv.png
3,AIと倫理の未来,人工知能の発展が引き起こす倫理的課題を探る,ジェームズ・スミス,NOP出版,Gi5Vm5ftnt7GCj2YvfLMfevJ7ADxGSZDTPSB4Arh.png
1,音楽療法の実践,音楽が心身に与える効果を踏まえた治療法,ダビデ・ロッシ,QRS社,fNkb8lkVHP5zX7qVkBbuF1zQwGJ34jsfg77mmzxF.png
0,哲学で生きる,人生の諸問題を哲学的に解決していく方法論,エミリー・ロビンソン,TUV出版,SkmC2mcDUWhZCmtMPFMKbIq6c6gfNvuYTOa2Fr3M.png
7,生命の起源と進化,生命の歴史的な誕生と進化過程を科学的に解明,ジョン・ワトソン,XYZ社,znFHE4b7wHH1Dy5YYG5CbmqPYPhiWl07LBvNt8Hp.png
4,世界料理の今,各国の郷土料理の最新トレンドを紹介,アントワネット・デュボワ,ABC出版,n2SF6Bx79l1nSwDNuEsTsD0lzD55tWQR3qnnoYkY.png
2,宇宙開発への招待,宇宙開発の最前線に一般市民が参加する方法,リチャード・リー,DEF社,mWj9BnYoVQgdw1tG5Dw0eUiqPkJvQVdydd6ApO4x.png
8,癒しのガーデニング実践,園芸療法の具体的な技術とメンタルヘルスへの応用,エリザベス・グリーン,GHI出版,yi2Um3hCxw2qi9MhnJLRzOeDKLKb3pZLN21xT1MF.png
6,人生の再設計,自己実現のための包括的なライフデザイン,リサ・キム,JKL社,MggEVxYxkEv0SZECZ4kprNQd1tcsI6AYxDIzFBFJ.png
1,音楽と感情,音楽が人間の感情に及ぼす影響を深く掘り下げる,ダビデ・ロッシ,MNO出版,fNkb8lkVHP5zX7qVkBbuF1zQwGJ34jsfg77mmzxF.png
0,哲学で人生を見つめる,人生の様々な局面を哲学的に洞察する,エミリー・ロビンソン,PQR社,SkmC2mcDUWhZCmtMPFMKbIq6c6gfNvuYTOa2Fr3M.png
5,脳の構造と機能,脳の神秘に迫る最新の脳科学研究成果,アンドレア・ガルシア,STU出版,UcS9KyzISK8dhTMSsbf1G5EgpaKIGN9TAZLRE0FM.png
2,宇宙開発の未来像,次世代に希望を与える宇宙開発シナリオを提示,リチャード・リー,VWX社,mWj9BnYoVQgdw1tG5Dw0eUiqPkJvQVdydd6ApO4x.png
8,ガーデンセラピーの効果,園芸療法が心身に及ぼす実証的な効果を検証,エリザベス・グリーン,YZA出版,yi2Um3hCxw2qi9MhnJLRzOeDKLKb3pZLN21xT1MF.png
4,世界料理の伝統,各国の郷土料理に息づく文化的背景を探る,アントワネット・デュボワ,BCD社,n2SF6Bx79l1nSwDNuEsTsD0lzD55tWQR3qnnoYkY.png
9,偉大な探検家列伝,歴史に名を残す探検家たちの驚くべき業績,マルコ・ロペス,EFG出版,8iYpI1rgITnhmaYcnLNEd812CLYtBHgt9G7lfCAv.png
6,人生のリデザイン,自己実現のための包括的な人生設計手法,リサ・キム,HIJ社,MggEVxYxkEv0SZECZ4kprNQd1tcsI6AYxDIzFBFJ.png
3,AIと倫理の未来2,人工知能の進化が生み出す新たな倫理問題を検討,ジェームズ・スミス,KLM出版,Gi5Vm5ftnt7GCj2YvfLMfevJ7ADxGSZDTPSB4Arh.png
7,生命の起源と科学,生命の誕生をめぐる最新の科学的知見を解説,ジョン・ワトソン,NOP社,znFHE4b7wHH1Dy5YYG5CbmqPYPhiWl07LBvNt8Hp.png
